,MAE_kW,MAPE_%,MAPE_9a8p_%,MASE,ME_kW,algo,batch,battery_kW,battery_kWh,end,f_kwarg,filename,index,pv_capacity,scons_%,scons_%_nobatt,ssuff_%,ssuff_%_nobatt,start
0,0.51,71.35,85.66,1.3,0.01,holtwinters,0.0,4.0,6.0,2019-12-31 23:45:00,{},data/2_0.pickle,2.0,2.5,80.65596003444371,62.45864624502496,42.23635693681268,29.426794869938732,2019-01-15 00:00:00
1,0.55,30.29,34.8,1.38,0.0,holtwinters,0.0,8.0,12.0,2019-12-31 23:45:00,{},data/4_0.pickle,4.0,5.0,89.40661393962058,72.58540922698215,46.008190249793806,34.20334462695815,2019-01-15 00:00:00
2,1.17,51.32,52.83,1.97,-0.0,holtwinters,0.0,12.0,18.0,2019-12-31 23:45:00,{},data/6_0.pickle,6.0,7.5,84.95376648181225,63.02607076979407,44.590603526282614,29.59315131016756,2019-01-15 00:00:00
3,0.88,25.76,28.47,1.45,0.0,holtwinters,0.0,16.0,24.0,2019-12-31 23:45:00,{},data/8_0.pickle,8.0,10.0,90.77422745732005,64.66907615350657,47.69580620880631,30.389113674305214,2019-01-15 00:00:00
4,1.12,25.39,27.47,1.69,-0.01,holtwinters,0.0,20.0,30.0,2019-12-31 23:45:00,{},data/10_0.pickle,10.0,12.5,90.63378490554246,66.47554422448745,47.59115376718452,31.381879728708878,2019-01-15 00:00:00
5,1.28,25.24,26.11,1.51,0.01,holtwinters,0.0,24.0,36.0,2019-12-31 23:45:00,{},data/12_0.pickle,12.0,15.0,91.53979254369546,68.79754986376507,47.921962444559604,32.479143364011854,2019-01-15 00:00:00
6,2.09,40.07,42.09,1.96,-0.05,holtwinters,0.0,28.0,42.0,2019-12-31 23:45:00,{},data/14_0.pickle,14.0,17.5,87.34880558307181,60.18553498256697,46.36878480877492,28.43282394922628,2019-01-15 00:00:00
7,1.61,23.31,24.51,1.63,-0.01,holtwinters,0.0,32.0,48.0,2019-12-31 23:45:00,{},data/16_0.pickle,16.0,20.0,90.97696883119035,64.26751114623698,48.05767405132569,30.310553666972844,2019-01-15 00:00:00
8,1.55,19.91,20.81,1.5,0.0,holtwinters,0.0,36.0,54.0,2019-12-31 23:45:00,{},data/18_0.pickle,18.0,22.5,92.05436864946371,66.00059926044176,48.446409221818335,31.14215475959395,2019-01-15 00:00:00
9,1.96,23.27,24.85,1.91,-0.02,holtwinters,0.0,40.0,60.0,2019-12-31 23:45:00,{},data/20_0.pickle,20.0,25.0,90.08456292816953,60.87961045063349,47.91655256724739,28.80279657659746,2019-01-15 00:00:00
10,2.02,22.71,23.65,1.81,-0.04,holtwinters,0.0,44.0,66.0,2019-12-31 23:45:00,{},data/22_0.pickle,22.0,27.5,90.23078363481729,60.69567685412945,47.925177320581,28.677916607737888,2019-01-15 00:00:00
11,2.11,20.42,21.13,1.8,-0.04,holtwinters,0.0,48.0,72.0,2019-12-31 23:45:00,{},data/24_0.pickle,24.0,30.0,91.4099869210114,62.04751375476646,48.57798072758687,29.33477741190689,2019-01-15 00:00:00
12,1.68,14.15,15.17,1.49,0.0,holtwinters,0.0,52.0,78.0,2019-12-31 23:45:00,{},data/26_0.pickle,26.0,32.5,94.72114342793807,69.01951558817142,49.60400411291082,32.50710589063976,2019-01-15 00:00:00
13,2.2,18.11,18.71,1.65,-0.01,holtwinters,0.0,56.0,84.0,2019-12-31 23:45:00,{},data/28_0.pickle,28.0,35.0,92.85235822541235,65.62028359496276,48.954372319237244,30.94634545708756,2019-01-15 00:00:00
14,2.07,15.53,16.83,1.62,-0.0,holtwinters,0.0,60.0,90.0,2019-12-31 23:45:00,{},data/30_0.pickle,30.0,37.5,93.6912265207381,65.09304684370835,49.428120060866526,30.652212954687823,2019-01-15 00:00:00
15,2.44,15.69,16.2,1.63,-0.01,holtwinters,0.0,70.0,105.0,2019-12-31 23:45:00,{},data/35_0.pickle,35.0,43.75,93.97233831786438,66.69280027391147,49.29699092137282,31.296104592130906,2019-01-15 00:00:00
16,2.54,14.09,14.54,1.55,-0.01,holtwinters,0.0,80.0,120.0,2019-12-31 23:45:00,{},data/40_0.pickle,40.0,50.0,94.98844013850952,69.33546887149447,49.62513026751174,32.55247779262071,2019-01-15 00:00:00
17,2.58,12.74,13.17,1.58,0.0,holtwinters,0.0,90.0,135.0,2019-12-31 23:45:00,{},data/45_0.pickle,45.0,56.25,94.30525958643243,65.72905172669121,49.87213847294916,31.074324047027005,2019-01-15 00:00:00
18,3.18,14.49,15.05,1.77,-0.02,holtwinters,0.0,100.0,150.0,2019-12-31 23:45:00,{},data/50_0.pickle,50.0,62.5,93.81893922997831,66.06414395563259,49.45854300449499,31.15782049285919,2019-01-15 00:00:00
19,3.13,12.7,13.24,1.66,0.01,holtwinters,0.0,110.0,165.0,2019-12-31 23:45:00,{},data/55_0.pickle,55.0,68.75,94.4590776797391,66.12176575880541,49.68077389819388,31.092100779386296,2019-01-15 00:00:00
20,3.49,13.04,13.5,1.71,-0.07,holtwinters,0.0,120.0,180.0,2019-12-31 23:45:00,{},data/60_0.pickle,60.0,75.0,94.41761644168618,65.88233421268274,49.818408600648205,31.067693135171282,2019-01-15 00:00:00
21,3.48,12.07,12.6,1.66,-0.04,holtwinters,0.0,130.0,195.0,2019-12-31 23:45:00,{},data/65_0.pickle,65.0,81.25,94.90484197460272,66.73586022610982,49.93697033026559,31.432047374566274,2019-01-15 00:00:00
22,3.56,11.33,11.67,1.64,-0.01,holtwinters,0.0,140.0,210.0,2019-12-31 23:45:00,{},data/70_0.pickle,70.0,87.5,94.94593458971941,66.43216920755756,49.943769247342736,31.272003482865745,2019-01-15 00:00:00
23,3.91,11.76,12.36,1.67,-0.04,holtwinters,0.0,150.0,225.0,2019-12-31 23:45:00,{},data/75_0.pickle,75.0,93.75,94.70589740001611,65.707692388576,50.001337452084584,30.997947602191584,2019-01-15 00:00:00
24,3.86,10.82,11.32,1.64,-0.04,holtwinters,0.0,160.0,240.0,2019-12-31 23:45:00,{},data/80_0.pickle,80.0,100.0,94.95408381038688,65.8233894655708,50.16188495128951,31.082290810537735,2019-01-15 00:00:00
25,4.02,10.53,11.22,1.64,-0.01,holtwinters,0.0,170.0,255.0,2019-12-31 23:45:00,{},data/85_0.pickle,85.0,106.25,95.23830805468283,66.56048105072952,50.133046643971944,31.34681483830332,2019-01-15 00:00:00
26,4.37,10.89,11.31,1.68,-0.03,holtwinters,0.0,180.0,270.0,2019-12-31 23:45:00,{},data/90_0.pickle,90.0,112.5,94.91018114233373,65.96010553821561,50.00544580685794,31.06600377251041,2019-01-15 00:00:00
27,4.45,10.48,10.89,1.68,-0.03,holtwinters,0.0,190.0,285.0,2019-12-31 23:45:00,{},data/95_0.pickle,95.0,118.75,95.04015927532919,65.69224671654199,50.2227714687307,31.01767312819147,2019-01-15 00:00:00
28,0.44,56.85,70.02,1.18,0.01,holtwinters,1.0,4.0,6.0,2019-12-31 23:45:00,{},data/2_1.pickle,2.0,2.5,82.25616582245527,63.22333009072371,42.847735492006464,29.710174306542395,2019-01-15 00:00:00
29,0.66,46.44,53.27,1.78,0.0,holtwinters,1.0,8.0,12.0,2019-12-31 23:45:00,{},data/4_1.pickle,4.0,5.0,84.77039451326999,60.02092166144842,44.698046714006814,28.238364248469242,2019-01-15 00:00:00
30,0.97,39.11,39.82,2.16,0.02,holtwinters,1.0,12.0,18.0,2019-12-31 23:45:00,{},data/6_1.pickle,6.0,7.5,87.46356790331403,66.04091922707774,45.70398049639372,31.078321203037717,2019-01-15 00:00:00
31,0.93,27.67,31.72,1.56,-0.0,holtwinters,1.0,16.0,24.0,2019-12-31 23:45:00,{},data/8_1.pickle,8.0,10.0,89.42275272731003,63.40362730300376,47.02155268916527,29.7478082629481,2019-01-15 00:00:00
32,0.99,23.08,26.7,1.58,-0.0,holtwinters,1.0,20.0,30.0,2019-12-31 23:45:00,{},data/10_1.pickle,10.0,12.5,89.46460394550279,59.45425109575744,47.91210258055945,28.29251886615133,2019-01-15 00:00:00
33,1.53,30.82,32.26,1.7,-0.03,holtwinters,1.0,24.0,36.0,2019-12-31 23:45:00,{},data/12_1.pickle,12.0,15.0,89.20354653490575,63.09582395865468,47.18965014475325,29.791100402281927,2019-01-15 00:00:00
34,1.54,26.48,27.69,1.59,0.01,holtwinters,1.0,28.0,42.0,2019-12-31 23:45:00,{},data/14_1.pickle,14.0,17.5,90.19682197891076,64.86856421924274,47.584921284854985,30.69050518053619,2019-01-15 00:00:00
35,1.72,26.34,26.73,2.04,-0.03,holtwinters,1.0,32.0,48.0,2019-12-31 23:45:00,{},data/16_1.pickle,16.0,20.0,89.54637877919203,60.36044806066576,47.55336216171077,28.518000234327182,2019-01-15 00:00:00
36,1.79,23.22,24.49,1.7,0.03,holtwinters,1.0,36.0,54.0,2019-12-31 23:45:00,{},data/18_1.pickle,18.0,22.5,90.96491636737554,62.68197093957791,48.39469765609127,29.707339528665315,2019-01-15 00:00:00
37,1.89,21.99,23.84,1.74,0.02,holtwinters,1.0,40.0,60.0,2019-12-31 23:45:00,{},data/20_1.pickle,20.0,25.0,90.74245972697551,62.895865569190676,48.015295916006075,29.693590715830915,2019-01-15 00:00:00
38,2.09,22.77,23.73,1.71,-0.03,holtwinters,1.0,44.0,66.0,2019-12-31 23:45:00,{},data/22_1.pickle,22.0,27.5,91.47021593503528,64.6681626094128,48.424577700845404,30.608943279612784,2019-01-15 00:00:00
39,2.04,19.59,19.35,1.58,-0.01,holtwinters,1.0,48.0,72.0,2019-12-31 23:45:00,{},data/24_1.pickle,24.0,30.0,92.15222799572298,64.93777706625295,48.69386360314959,30.68907277991785,2019-01-15 00:00:00
40,1.86,16.72,18.18,1.56,0.0,holtwinters,1.0,52.0,78.0,2019-12-31 23:45:00,{},data/26_1.pickle,26.0,32.5,92.02213372411157,62.781803549266435,48.83684120462893,29.70329221354082,2019-01-15 00:00:00
41,1.99,15.9,16.1,1.46,0.0,holtwinters,1.0,56.0,84.0,2019-12-31 23:45:00,{},data/28_1.pickle,28.0,35.0,94.68036668666454,69.91026504780356,49.475433734059166,32.89517887243504,2019-01-15 00:00:00
42,2.33,17.52,18.52,1.61,-0.01,holtwinters,1.0,60.0,90.0,2019-12-31 23:45:00,{},data/30_1.pickle,30.0,37.5,93.17112855375015,64.83395433954642,49.26050614702851,30.56433262797596,2019-01-15 00:00:00
43,2.27,14.79,15.09,1.64,-0.04,holtwinters,1.0,70.0,105.0,2019-12-31 23:45:00,{},data/35_1.pickle,35.0,43.75,93.1041967055687,63.51973566491256,49.26328272328111,29.95968661117815,2019-01-15 00:00:00
44,2.6,14.72,15.51,1.67,-0.03,holtwinters,1.0,80.0,120.0,2019-12-31 23:45:00,{},data/40_1.pickle,40.0,50.0,93.14967199368718,64.56234546230858,49.14022004086497,30.422348198929928,2019-01-15 00:00:00
45,2.64,13.24,13.67,1.62,-0.05,holtwinters,1.0,90.0,135.0,2019-12-31 23:45:00,{},data/45_1.pickle,45.0,56.25,93.9859041107913,65.18830665821096,49.56580138163287,30.72459483039299,2019-01-15 00:00:00
46,3.1,13.91,14.64,1.68,-0.02,holtwinters,1.0,100.0,150.0,2019-12-31 23:45:00,{},data/50_1.pickle,50.0,62.5,94.28447180610928,65.71835392297234,49.65360913013543,30.913080007621218,2019-01-15 00:00:00
47,3.46,14.25,15.01,1.71,-0.05,holtwinters,1.0,110.0,165.0,2019-12-31 23:45:00,{},data/55_1.pickle,55.0,68.75,93.93046020766258,65.63804222169001,49.47182325369237,30.894376506663075,2019-01-15 00:00:00
48,3.6,13.77,14.27,1.71,-0.04,holtwinters,1.0,120.0,180.0,2019-12-31 23:45:00,{},data/60_1.pickle,60.0,75.0,93.83823595052863,64.39955377365393,49.61897889174629,30.35899764204206,2019-01-15 00:00:00
49,3.52,12.13,12.59,1.67,-0.03,holtwinters,1.0,130.0,195.0,2019-12-31 23:45:00,{},data/65_1.pickle,65.0,81.25,94.6527130441844,65.92878516112681,49.8672686211122,31.034942440347802,2019-01-15 00:00:00
50,3.61,11.62,12.14,1.62,-0.04,holtwinters,1.0,140.0,210.0,2019-12-31 23:45:00,{},data/70_1.pickle,70.0,87.5,94.87308160461879,66.12703831000042,50.01432823112124,31.167549705952357,2019-01-15 00:00:00
51,3.86,11.65,12.06,1.66,-0.04,holtwinters,1.0,150.0,225.0,2019-12-31 23:45:00,{},data/75_1.pickle,75.0,93.75,94.46119692890113,64.82162821230297,49.88382696060003,30.546188387441138,2019-01-15 00:00:00
52,3.82,10.65,11.34,1.64,-0.0,holtwinters,1.0,160.0,240.0,2019-12-31 23:45:00,{},data/80_1.pickle,80.0,100.0,94.90302872558635,65.63712350255058,50.068676709349496,30.936131604853813,2019-01-15 00:00:00
53,4.11,10.81,11.53,1.67,-0.04,holtwinters,1.0,170.0,255.0,2019-12-31 23:45:00,{},data/85_1.pickle,85.0,106.25,94.43750559389393,64.43774388867662,49.92973480783753,30.385022716598876,2019-01-15 00:00:00
54,4.25,10.54,10.98,1.67,-0.03,holtwinters,1.0,180.0,270.0,2019-12-31 23:45:00,{},data/90_1.pickle,90.0,112.5,95.10773593238844,66.07132527442184,50.068461062897825,31.090882627239008,2019-01-15 00:00:00
55,4.5,10.62,11.03,1.7,-0.04,holtwinters,1.0,190.0,285.0,2019-12-31 23:45:00,{},data/95_1.pickle,95.0,118.75,95.03752574061338,65.97684445184662,50.22314700665389,31.17552327585855,2019-01-15 00:00:00
56,0.28,31.51,35.11,1.35,-0.0,holtwinters,2.0,4.0,6.0,2019-12-31 23:45:00,{},data/2_2.pickle,2.0,2.5,88.97039662059555,66.35212890063606,46.47030083128476,31.182149210867365,2019-01-15 00:00:00
57,0.67,38.46,46.18,1.71,-0.01,holtwinters,2.0,8.0,12.0,2019-12-31 23:45:00,{},data/4_2.pickle,4.0,5.0,86.14024457878786,63.60917063174863,45.23649639067321,29.93261599576928,2019-01-15 00:00:00
58,1.25,51.62,54.1,2.64,-0.01,holtwinters,2.0,12.0,18.0,2019-12-31 23:45:00,{},data/6_2.pickle,6.0,7.5,84.49553351168834,59.30823315711788,44.782471646375804,27.98428129997745,2019-01-15 00:00:00
59,0.93,27.21,29.25,1.56,0.0,holtwinters,2.0,16.0,24.0,2019-12-31 23:45:00,{},data/8_2.pickle,8.0,10.0,89.50465614291988,65.53574702463469,46.902368996785675,30.879564231961126,2019-01-15 00:00:00
60,1.1,25.14,27.77,1.4,0.02,holtwinters,2.0,20.0,30.0,2019-12-31 23:45:00,{},data/10_2.pickle,10.0,12.5,91.05988556116442,65.69667327087342,47.834698210919996,30.892066169628706,2019-01-15 00:00:00
61,1.45,29.23,29.81,1.82,-0.0,holtwinters,2.0,24.0,36.0,2019-12-31 23:45:00,{},data/12_2.pickle,12.0,15.0,88.65929650138814,60.459489678610666,47.02625136626615,28.520349372134955,2019-01-15 00:00:00
62,1.3,20.63,22.29,1.52,-0.0,holtwinters,2.0,28.0,42.0,2019-12-31 23:45:00,{},data/14_2.pickle,14.0,17.5,92.5195975130344,69.78868999253662,48.17325464949931,32.79874915325234,2019-01-15 00:00:00
63,1.34,18.55,18.96,1.42,0.0,holtwinters,2.0,32.0,48.0,2019-12-31 23:45:00,{},data/16_2.pickle,16.0,20.0,93.9692276233449,70.06567064429977,48.94629924049682,32.91220207466977,2019-01-15 00:00:00
64,1.81,23.13,22.32,1.65,-0.03,holtwinters,2.0,36.0,54.0,2019-12-31 23:45:00,{},data/18_2.pickle,18.0,22.5,92.34646269677886,66.61556817426747,48.566993839064985,31.362987968803495,2019-01-15 00:00:00
65,1.77,19.86,20.67,1.61,0.0,holtwinters,2.0,40.0,60.0,2019-12-31 23:45:00,{},data/20_2.pickle,20.0,25.0,92.14002898063963,64.31927896617398,48.76918004554402,30.363991837848825,2019-01-15 00:00:00
66,1.82,19.12,20.58,1.61,0.02,holtwinters,2.0,44.0,66.0,2019-12-31 23:45:00,{},data/22_2.pickle,22.0,27.5,91.98316508940995,64.4622234131241,48.68175865242388,30.506667565135697,2019-01-15 00:00:00
67,1.67,15.4,16.71,1.5,-0.02,holtwinters,2.0,48.0,72.0,2019-12-31 23:45:00,{},data/24_2.pickle,24.0,30.0,93.44623900445599,64.63520659730186,49.42355637866052,30.469951656392574,2019-01-15 00:00:00
68,2.25,19.66,20.98,1.74,-0.03,holtwinters,2.0,52.0,78.0,2019-12-31 23:45:00,{},data/26_2.pickle,26.0,32.5,92.1314809915091,64.22696479610659,48.71460568562315,30.290798263962508,2019-01-15 00:00:00
69,2.26,18.6,18.43,1.69,-0.02,holtwinters,2.0,56.0,84.0,2019-12-31 23:45:00,{},data/28_2.pickle,28.0,35.0,93.04563803258438,66.53717157342273,48.95192349361608,31.374179407484828,2019-01-15 00:00:00
70,1.91,14.2,14.72,1.46,0.01,holtwinters,2.0,60.0,90.0,2019-12-31 23:45:00,{},data/30_2.pickle,30.0,37.5,93.8575729359247,65.80781066956635,49.522423377677676,31.0694258751555,2019-01-15 00:00:00
71,2.44,15.68,16.14,1.65,-0.01,holtwinters,2.0,70.0,105.0,2019-12-31 23:45:00,{},data/35_2.pickle,35.0,43.75,94.00183360937585,65.64521751914623,49.587440435086954,30.898934050761103,2019-01-15 00:00:00
72,2.79,15.79,16.34,1.66,-0.02,holtwinters,2.0,80.0,120.0,2019-12-31 23:45:00,{},data/40_2.pickle,40.0,50.0,93.33017067792137,64.61550846440261,49.16607533841627,30.345271286493826,2019-01-15 00:00:00
73,2.57,12.67,13.17,1.63,-0.02,holtwinters,2.0,90.0,135.0,2019-12-31 23:45:00,{},data/45_2.pickle,45.0,56.25,94.48213686773202,66.70197778240168,49.6781943999432,31.40566459926219,2019-01-15 00:00:00
74,2.83,12.65,12.99,1.56,0.03,holtwinters,2.0,100.0,150.0,2019-12-31 23:45:00,{},data/50_2.pickle,50.0,62.5,95.00301978837715,68.19488500178244,49.76313583879313,32.070282573736414,2019-01-15 00:00:00
75,3.06,12.49,12.8,1.56,-0.03,holtwinters,2.0,110.0,165.0,2019-12-31 23:45:00,{},data/55_2.pickle,55.0,68.75,94.84176365090951,66.5881819215639,50.000407923755866,31.41259997816094,2019-01-15 00:00:00
76,3.31,12.4,12.8,1.63,-0.02,holtwinters,2.0,120.0,180.0,2019-12-31 23:45:00,{},data/60_2.pickle,60.0,75.0,94.47037437074245,65.82103421446055,49.79138387914042,30.993832210479166,2019-01-15 00:00:00
77,3.65,12.73,12.97,1.69,-0.02,holtwinters,2.0,130.0,195.0,2019-12-31 23:45:00,{},data/65_2.pickle,65.0,81.25,94.63485890608156,66.31834179909706,49.94494274149499,31.298216001672547,2019-01-15 00:00:00
78,3.8,12.28,12.58,1.67,-0.05,holtwinters,2.0,140.0,210.0,2019-12-31 23:45:00,{},data/70_2.pickle,70.0,87.5,94.4461062598444,65.58126220829072,49.84868186550047,30.929030008650013,2019-01-15 00:00:00
79,3.78,11.23,11.68,1.68,-0.06,holtwinters,2.0,150.0,225.0,2019-12-31 23:45:00,{},data/75_2.pickle,75.0,93.75,94.77278505054497,65.3008621231512,50.0102499149849,30.754702638029357,2019-01-15 00:00:00
80,3.84,10.77,11.18,1.62,-0.01,holtwinters,2.0,160.0,240.0,2019-12-31 23:45:00,{},data/80_2.pickle,80.0,100.0,94.74731119204286,65.36732115298639,50.11273059776673,30.89319111972562,2019-01-15 00:00:00
81,4.09,10.79,11.2,1.67,-0.03,holtwinters,2.0,170.0,255.0,2019-12-31 23:45:00,{},data/85_2.pickle,85.0,106.25,94.73738870410244,65.2590172748896,50.007086654490706,30.759586230953488,2019-01-15 00:00:00
82,4.36,10.86,11.34,1.72,-0.03,holtwinters,2.0,180.0,270.0,2019-12-31 23:45:00,{},data/90_2.pickle,90.0,112.5,94.86089053221322,65.59555741010017,50.093334910461046,30.947265282897884,2019-01-15 00:00:00
83,4.49,10.62,10.99,1.7,-0.04,holtwinters,2.0,190.0,285.0,2019-12-31 23:45:00,{},data/95_2.pickle,95.0,118.75,94.92508227063128,65.65136827638926,50.16748175118804,31.009910320486572,2019-01-15 00:00:00
84,0.38,45.04,52.9,1.29,-0.0,holtwinters,3.0,4.0,6.0,2019-12-31 23:45:00,{},data/2_3.pickle,2.0,2.5,84.40674272236112,64.12261987680193,43.92828339874943,30.130367000662854,2019-01-15 00:00:00
85,0.54,31.04,35.14,1.24,0.0,holtwinters,3.0,8.0,12.0,2019-12-31 23:45:00,{},data/4_3.pickle,4.0,5.0,88.75435158008575,68.12348127144426,45.9308310720139,31.855545782813255,2019-01-15 00:00:00
86,0.9,35.39,34.82,1.89,0.0,holtwinters,3.0,12.0,18.0,2019-12-31 23:45:00,{},data/6_3.pickle,6.0,7.5,88.65073050206628,68.04715879072126,46.107400110365106,31.98704635643538,2019-01-15 00:00:00
87,1.14,36.76,36.33,1.7,-0.0,holtwinters,3.0,16.0,24.0,2019-12-31 23:45:00,{},data/8_3.pickle,8.0,10.0,86.10774807660235,57.894608857028985,46.11230868083388,27.61248949760932,2019-01-15 00:00:00
88,1.25,30.43,30.39,1.78,0.01,holtwinters,3.0,20.0,30.0,2019-12-31 23:45:00,{},data/10_3.pickle,10.0,12.5,90.7796473113117,70.17229506022777,46.992017833376295,32.869736800595774,2019-01-15 00:00:00
89,1.39,27.94,29.25,1.69,0.0,holtwinters,3.0,24.0,36.0,2019-12-31 23:45:00,{},data/12_3.pickle,12.0,15.0,88.66929564298138,60.21080100371229,47.31974728391309,28.58108101889778,2019-01-15 00:00:00
90,1.13,17.68,20.04,1.42,0.01,holtwinters,3.0,28.0,42.0,2019-12-31 23:45:00,{},data/14_3.pickle,14.0,17.5,93.33366108001331,69.69276780573729,48.61904167966603,32.7341249848788,2019-01-15 00:00:00
91,1.82,26.98,28.9,1.77,-0.03,holtwinters,3.0,32.0,48.0,2019-12-31 23:45:00,{},data/16_3.pickle,16.0,20.0,89.77566040987926,62.36372460316854,47.29575953373522,29.26286528669967,2019-01-15 00:00:00
92,1.74,23.08,22.95,1.76,0.0,holtwinters,3.0,36.0,54.0,2019-12-31 23:45:00,{},data/18_3.pickle,18.0,22.5,91.48591052251679,64.38332824546606,48.57902126430348,30.551068794732004,2019-01-15 00:00:00
93,1.85,21.54,21.98,1.62,-0.03,holtwinters,3.0,40.0,60.0,2019-12-31 23:45:00,{},data/20_3.pickle,20.0,25.0,92.06607042429597,66.04129439938976,48.426735876538906,31.116128960171185,2019-01-15 00:00:00
94,2.12,22.61,23.65,1.66,0.02,holtwinters,3.0,44.0,66.0,2019-12-31 23:45:00,{},data/22_3.pickle,22.0,27.5,91.63503073283653,64.67089450196436,48.329462179743345,30.468261192664755,2019-01-15 00:00:00
95,2.02,18.86,20.03,1.52,0.01,holtwinters,3.0,48.0,72.0,2019-12-31 23:45:00,{},data/24_3.pickle,24.0,30.0,92.73303790589479,65.66924589870555,48.7621446222635,30.87618517111187,2019-01-15 00:00:00
96,2.01,17.48,18.08,1.59,-0.01,holtwinters,3.0,52.0,78.0,2019-12-31 23:45:00,{},data/26_3.pickle,26.0,32.5,92.69783715122075,64.26816260126601,48.944733497045696,30.273634283370576,2019-01-15 00:00:00
97,2.14,17.76,19.71,1.71,-0.05,holtwinters,3.0,56.0,84.0,2019-12-31 23:45:00,{},data/28_3.pickle,28.0,35.0,90.91200911940489,59.70034038644848,48.353822612958496,28.169004612938156,2019-01-15 00:00:00
98,2.07,15.47,16.5,1.53,-0.01,holtwinters,3.0,60.0,90.0,2019-12-31 23:45:00,{},data/30_3.pickle,30.0,37.5,93.143057172389,64.47792198094898,49.15298091467716,30.366418795271418,2019-01-15 00:00:00
99,2.29,14.53,15.01,1.52,-0.0,holtwinters,3.0,70.0,105.0,2019-12-31 23:45:00,{},data/35_3.pickle,35.0,43.75,94.36758270057797,66.75655603962831,49.772634895401815,31.522961881409678,2019-01-15 00:00:00
100,2.62,14.77,14.99,1.66,-0.02,holtwinters,3.0,80.0,120.0,2019-12-31 23:45:00,{},data/40_3.pickle,40.0,50.0,93.84923208111485,65.99432122020322,49.38505479180791,31.063827009600672,2019-01-15 00:00:00
101,2.76,14.11,14.16,1.63,-0.03,holtwinters,3.0,90.0,135.0,2019-12-31 23:45:00,{},data/45_3.pickle,45.0,56.25,94.02119205190886,66.16875775420796,49.578208072443736,31.24632055230453,2019-01-15 00:00:00
102,2.95,13.39,13.8,1.61,-0.02,holtwinters,3.0,100.0,150.0,2019-12-31 23:45:00,{},data/50_3.pickle,50.0,62.5,94.05197227403042,65.17255835701566,49.772259368274554,30.793743117394506,2019-01-15 00:00:00
103,3.15,12.76,13.34,1.56,0.01,holtwinters,3.0,110.0,165.0,2019-12-31 23:45:00,{},data/55_3.pickle,55.0,68.75,94.92761643261323,67.30730524422052,49.90873385352855,31.691934465049187,2019-01-15 00:00:00
104,3.19,11.87,12.44,1.55,-0.02,holtwinters,3.0,120.0,180.0,2019-12-31 23:45:00,{},data/60_3.pickle,60.0,75.0,94.72045438260794,65.90348091044602,49.82936990316323,30.979554205145835,2019-01-15 00:00:00
105,3.81,13.2,13.88,1.7,0.0,holtwinters,3.0,130.0,195.0,2019-12-31 23:45:00,{},data/65_3.pickle,65.0,81.25,94.17090522841332,65.62329515825606,49.760564961785825,30.989741457628437,2019-01-15 00:00:00
106,3.71,11.97,12.42,1.68,-0.06,holtwinters,3.0,140.0,210.0,2019-12-31 23:45:00,{},data/70_3.pickle,70.0,87.5,93.92539129733314,63.920746966637985,49.68736845970768,30.152297179323654,2019-01-15 00:00:00
107,3.88,11.71,12.19,1.73,-0.03,holtwinters,3.0,150.0,225.0,2019-12-31 23:45:00,{},data/75_3.pickle,75.0,93.75,94.43828947479413,65.35369872771284,49.848912917403915,30.83094553219703,2019-01-15 00:00:00
108,4.0,11.19,11.58,1.65,-0.02,holtwinters,3.0,160.0,240.0,2019-12-31 23:45:00,{},data/80_3.pickle,80.0,100.0,95.0107872511498,66.22367743259888,50.06866578908935,31.198291744853275,2019-01-15 00:00:00
109,4.3,11.37,11.78,1.71,-0.04,holtwinters,3.0,170.0,255.0,2019-12-31 23:45:00,{},data/85_3.pickle,85.0,106.25,94.74118694760176,65.5242473963059,50.02395105393211,30.90023555020991,2019-01-15 00:00:00
110,4.3,10.65,11.09,1.67,-0.02,holtwinters,3.0,180.0,270.0,2019-12-31 23:45:00,{},data/90_3.pickle,90.0,112.5,95.09095062074189,66.01567933248057,50.07827320164005,31.06836839189216,2019-01-15 00:00:00
111,4.46,10.5,11.0,1.69,-0.03,holtwinters,3.0,190.0,285.0,2019-12-31 23:45:00,{},data/95_3.pickle,95.0,118.75,94.9318906149819,65.64592355164848,50.174255143997264,31.004334458481832,2019-01-15 00:00:00
112,0.44,56.85,70.02,1.18,0.01,holtwinters,4.0,4.0,6.0,2019-12-31 23:45:00,{},data/2_4.pickle,2.0,2.5,82.25616582245527,63.22333009072371,42.847735492006464,29.710174306542395,2019-01-15 00:00:00
113,0.74,45.43,51.48,1.52,-0.0,holtwinters,4.0,8.0,12.0,2019-12-31 23:45:00,{},data/4_4.pickle,4.0,5.0,86.43739646193957,64.31176423228888,45.20416947914019,30.14102665049494,2019-01-15 00:00:00
114,0.8,33.18,38.31,1.54,0.01,holtwinters,4.0,12.0,18.0,2019-12-31 23:45:00,{},data/6_4.pickle,6.0,7.5,87.78793308902769,62.978390831542086,46.124313871960574,29.57639853680629,2019-01-15 00:00:00
115,0.96,29.21,29.67,1.73,-0.03,holtwinters,4.0,16.0,24.0,2019-12-31 23:45:00,{},data/8_4.pickle,8.0,10.0,88.11597894239868,61.32571011881664,46.52169878191558,28.904138211537934,2019-01-15 00:00:00
116,0.91,20.37,22.42,1.37,-0.01,holtwinters,4.0,20.0,30.0,2019-12-31 23:45:00,{},data/10_4.pickle,10.0,12.5,91.99667782981184,65.2923531896618,48.44782044978124,30.7495913493452,2019-01-15 00:00:00
117,1.45,28.69,29.18,1.72,-0.01,holtwinters,4.0,24.0,36.0,2019-12-31 23:45:00,{},data/12_4.pickle,12.0,15.0,88.9166309777527,59.10357731874352,47.391807374886604,27.934831311807272,2019-01-15 00:00:00
118,1.73,29.81,30.24,1.79,-0.03,holtwinters,4.0,28.0,42.0,2019-12-31 23:45:00,{},data/14_4.pickle,14.0,17.5,88.3257695986283,60.0374895624253,46.97868703065037,28.38418461388824,2019-01-15 00:00:00
119,1.77,27.11,28.56,1.78,0.01,holtwinters,4.0,32.0,48.0,2019-12-31 23:45:00,{},data/16_4.pickle,16.0,20.0,90.0166289465222,62.57163489775323,47.60950329196971,29.487403926047936,2019-01-15 00:00:00
120,2.06,27.01,29.19,1.84,0.02,holtwinters,4.0,36.0,54.0,2019-12-31 23:45:00,{},data/18_4.pickle,18.0,22.5,89.83887542165984,62.83770885811186,47.345700170856276,29.529391181611796,2019-01-15 00:00:00
121,1.76,20.09,21.58,1.57,0.02,holtwinters,4.0,40.0,60.0,2019-12-31 23:45:00,{},data/20_4.pickle,20.0,25.0,92.24129947475366,65.99690454594818,48.668597550452596,31.19459019469742,2019-01-15 00:00:00
122,1.97,21.68,23.13,1.72,-0.01,holtwinters,4.0,44.0,66.0,2019-12-31 23:45:00,{},data/22_4.pickle,22.0,27.5,90.44722983471074,60.93916734676094,47.954788367656576,28.722865739372082,2019-01-15 00:00:00
123,1.89,17.68,18.25,1.48,0.02,holtwinters,4.0,48.0,72.0,2019-12-31 23:45:00,{},data/24_4.pickle,24.0,30.0,93.1255507550341,66.69900306086306,48.84007183692642,31.34023957413415,2019-01-15 00:00:00
124,1.97,17.01,18.58,1.56,0.02,holtwinters,4.0,52.0,78.0,2019-12-31 23:45:00,{},data/26_4.pickle,26.0,32.5,93.33370482374805,65.46937895627582,49.29184168735662,30.878962557967007,2019-01-15 00:00:00
125,1.94,15.47,16.33,1.49,-0.01,holtwinters,4.0,56.0,84.0,2019-12-31 23:45:00,{},data/28_4.pickle,28.0,35.0,94.27021903641842,69.59029043970288,49.238623123894804,32.75682679230694,2019-01-15 00:00:00
126,2.02,15.34,16.44,1.63,-0.05,holtwinters,4.0,60.0,90.0,2019-12-31 23:45:00,{},data/30_4.pickle,30.0,37.5,92.10971083508748,61.76445930870024,48.9133973169366,29.20763289888545,2019-01-15 00:00:00
127,2.39,15.42,16.33,1.69,-0.06,holtwinters,4.0,70.0,105.0,2019-12-31 23:45:00,{},data/35_4.pickle,35.0,43.75,93.56219107301489,64.62040202949063,49.518493153768546,30.506931970643187,2019-01-15 00:00:00
128,2.58,14.45,14.83,1.58,0.0,holtwinters,4.0,80.0,120.0,2019-12-31 23:45:00,{},data/40_4.pickle,40.0,50.0,93.97892422384099,66.29070133884036,49.3994653998776,31.187321671689062,2019-01-15 00:00:00
129,3.09,15.65,16.31,1.71,-0.03,holtwinters,4.0,90.0,135.0,2019-12-31 23:45:00,{},data/45_4.pickle,45.0,56.25,93.6955778716048,65.639700373299,49.295859444165075,30.854921525327995,2019-01-15 00:00:00
130,3.24,14.69,15.68,1.76,-0.06,holtwinters,4.0,100.0,150.0,2019-12-31 23:45:00,{},data/50_4.pickle,50.0,62.5,93.7844937986751,65.19523192230571,49.43339827585889,30.674557739313475,2019-01-15 00:00:00
131,3.02,12.24,13.03,1.64,-0.01,holtwinters,4.0,110.0,165.0,2019-12-31 23:45:00,{},data/55_4.pickle,55.0,68.75,94.55366445773238,65.05549867454197,50.01025055565716,30.683162907576182,2019-01-15 00:00:00
132,3.44,12.93,13.3,1.67,-0.06,holtwinters,4.0,120.0,180.0,2019-12-31 23:45:00,{},data/60_4.pickle,60.0,75.0,94.51859345096898,65.88104878839818,49.893062068087836,31.07616227072305,2019-01-15 00:00:00
133,3.43,11.71,12.46,1.63,0.01,holtwinters,4.0,130.0,195.0,2019-12-31 23:45:00,{},data/65_4.pickle,65.0,81.25,94.87700910220177,66.21826460642212,49.92583872474281,31.147270660109996,2019-01-15 00:00:00
134,3.6,11.55,11.89,1.61,-0.02,holtwinters,4.0,140.0,210.0,2019-12-31 23:45:00,{},data/70_4.pickle,70.0,87.5,94.88732340954247,66.47281763540849,50.05496071193678,31.377056850224076,2019-01-15 00:00:00
135,3.94,11.77,12.47,1.69,-0.03,holtwinters,4.0,150.0,225.0,2019-12-31 23:45:00,{},data/75_4.pickle,75.0,93.75,94.65258401126688,65.72546155868274,49.88610943355131,30.9428441898011,2019-01-15 00:00:00
136,3.93,11.0,11.51,1.63,-0.02,holtwinters,4.0,160.0,240.0,2019-12-31 23:45:00,{},data/80_4.pickle,80.0,100.0,94.58508387407511,65.04287341652427,49.96394737983205,30.671400420121074,2019-01-15 00:00:00
137,4.19,11.12,11.6,1.69,-0.04,holtwinters,4.0,170.0,255.0,2019-12-31 23:45:00,{},data/85_4.pickle,85.0,106.25,94.39547383232754,64.759383265608,49.87821334638783,30.542670955664057,2019-01-15 00:00:00
138,4.26,10.61,11.15,1.67,-0.04,holtwinters,4.0,180.0,270.0,2019-12-31 23:45:00,{},data/90_4.pickle,90.0,112.5,94.7413821483762,65.12393419149566,50.069982358911595,30.73429259811871,2019-01-15 00:00:00
139,4.5,10.59,11.1,1.69,-0.03,holtwinters,4.0,190.0,285.0,2019-12-31 23:45:00,{},data/95_4.pickle,95.0,118.75,94.90958456031936,65.53183416797621,50.18140119315961,30.954760684059444,2019-01-15 00:00:00
140,0.34,37.24,49.51,1.56,-0.0,holtwinters,5.0,4.0,6.0,2019-12-31 23:45:00,{},data/2_5.pickle,2.0,2.5,83.97999273195757,57.43138768305617,44.335475480445126,26.93805024329787,2019-01-15 00:00:00
141,0.52,28.89,34.94,1.28,-0.0,holtwinters,5.0,8.0,12.0,2019-12-31 23:45:00,{},data/4_5.pickle,4.0,5.0,88.47784962775167,67.42799364184442,45.86340357189758,31.581011438974496,2019-01-15 00:00:00
142,1.24,55.56,54.56,2.16,-0.02,holtwinters,5.0,12.0,18.0,2019-12-31 23:45:00,{},data/6_5.pickle,6.0,7.5,84.71667571302035,60.345712352566466,44.47970996715648,28.23429341986308,2019-01-15 00:00:00
143,0.93,28.83,29.96,1.56,0.0,holtwinters,5.0,16.0,24.0,2019-12-31 23:45:00,{},data/8_5.pickle,8.0,10.0,88.91352437293085,62.429018842630306,46.95301055370521,29.46634745367342,2019-01-15 00:00:00
144,1.11,24.87,28.36,1.47,0.0,holtwinters,5.0,20.0,30.0,2019-12-31 23:45:00,{},data/10_5.pickle,10.0,12.5,91.05295310337576,65.93267557869865,47.63527352435335,30.888864634846424,2019-01-15 00:00:00
145,1.71,34.17,33.4,1.85,-0.02,holtwinters,5.0,24.0,36.0,2019-12-31 23:45:00,{},data/12_5.pickle,12.0,15.0,90.05470731578394,67.29645378184273,47.168639712801784,31.666557914390463,2019-01-15 00:00:00
146,1.21,19.69,21.85,1.55,-0.01,holtwinters,5.0,28.0,42.0,2019-12-31 23:45:00,{},data/14_5.pickle,14.0,17.5,92.30232708090955,65.10570997909977,48.50179036514126,30.552097695137366,2019-01-15 00:00:00
147,1.49,21.59,23.33,1.64,0.01,holtwinters,5.0,32.0,48.0,2019-12-31 23:45:00,{},data/16_5.pickle,16.0,20.0,90.69550383981728,62.381355428825586,48.13210313894139,29.542372642153346,2019-01-15 00:00:00
148,1.73,22.47,24.38,1.68,-0.02,holtwinters,5.0,36.0,54.0,2019-12-31 23:45:00,{},data/18_5.pickle,18.0,22.5,90.88343992579537,63.500957873910416,47.99638138791574,29.92152966774928,2019-01-15 00:00:00
149,1.89,22.21,22.99,1.5,-0.0,holtwinters,5.0,40.0,60.0,2019-12-31 23:45:00,{},data/20_5.pickle,20.0,25.0,92.38426463126959,68.22675479603551,48.368745531782295,32.12199290929826,2019-01-15 00:00:00
150,1.96,20.26,21.24,1.6,0.0,holtwinters,5.0,44.0,66.0,2019-12-31 23:45:00,{},data/22_5.pickle,22.0,27.5,92.873763379239,67.85002774499904,48.77563357003577,31.978885840397194,2019-01-15 00:00:00
151,2.03,19.23,19.99,1.53,0.01,holtwinters,5.0,48.0,72.0,2019-12-31 23:45:00,{},data/24_5.pickle,24.0,30.0,93.5874064936783,68.30997013535642,48.92253069559074,32.06253224618633,2019-01-15 00:00:00
152,1.96,17.2,18.71,1.66,-0.05,holtwinters,5.0,52.0,78.0,2019-12-31 23:45:00,{},data/26_5.pickle,26.0,32.5,92.21902076865936,61.72228485104965,48.949925510404924,29.089195585487975,2019-01-15 00:00:00
153,2.14,17.65,18.64,1.62,-0.01,holtwinters,5.0,56.0,84.0,2019-12-31 23:45:00,{},data/28_5.pickle,28.0,35.0,92.22913326070197,62.66126759042132,49.05094027831972,29.678723571121488,2019-01-15 00:00:00
154,2.23,17.07,17.15,1.66,-0.0,holtwinters,5.0,60.0,90.0,2019-12-31 23:45:00,{},data/30_5.pickle,30.0,37.5,93.11815088973168,65.95369309913929,49.04895441600328,31.110858386070923,2019-01-15 00:00:00
155,2.55,16.71,16.93,1.66,-0.03,holtwinters,5.0,70.0,105.0,2019-12-31 23:45:00,{},data/35_5.pickle,35.0,43.75,92.77605750745474,64.22253667746497,49.09903923235021,30.338627562701863,2019-01-15 00:00:00
156,2.38,13.27,14.03,1.51,0.02,holtwinters,5.0,80.0,120.0,2019-12-31 23:45:00,{},data/40_5.pickle,40.0,50.0,94.43393870261023,66.33320279621923,49.79674666711592,31.28336930625842,2019-01-15 00:00:00
157,2.9,14.62,15.61,1.77,-0.05,holtwinters,5.0,90.0,135.0,2019-12-31 23:45:00,{},data/45_5.pickle,45.0,56.25,93.44400502706124,63.97699739842541,49.48235678904014,30.19116783852415,2019-01-15 00:00:00
158,2.86,12.83,13.52,1.61,-0.02,holtwinters,5.0,100.0,150.0,2019-12-31 23:45:00,{},data/50_5.pickle,50.0,62.5,94.18851793562642,65.2671960592803,49.64077957782082,30.700832341273554,2019-01-15 00:00:00
159,3.05,12.42,12.77,1.63,-0.02,holtwinters,5.0,110.0,165.0,2019-12-31 23:45:00,{},data/55_5.pickle,55.0,68.75,94.59457369648,66.50476359016358,49.911055462381675,31.429459221119437,2019-01-15 00:00:00
160,3.27,12.27,12.39,1.66,-0.02,holtwinters,5.0,120.0,180.0,2019-12-31 23:45:00,{},data/60_5.pickle,60.0,75.0,94.39776035060036,65.74482510319778,49.71881063654284,30.96591635421109,2019-01-15 00:00:00
161,3.63,12.5,13.01,1.65,0.0,holtwinters,5.0,130.0,195.0,2019-12-31 23:45:00,{},data/65_5.pickle,65.0,81.25,94.66877974759656,66.08187520711034,49.807606839746434,31.063919086608887,2019-01-15 00:00:00
162,3.78,12.24,12.58,1.73,-0.02,holtwinters,5.0,140.0,210.0,2019-12-31 23:45:00,{},data/70_5.pickle,70.0,87.5,94.4348562020204,65.58027059281434,49.95344104579486,31.00852614844596,2019-01-15 00:00:00
163,3.93,11.73,11.94,1.67,-0.03,holtwinters,5.0,150.0,225.0,2019-12-31 23:45:00,{},data/75_5.pickle,75.0,93.75,94.88325820275061,66.4397031655723,49.87495424382824,31.2292961536421,2019-01-15 00:00:00
164,3.85,10.69,11.02,1.63,-0.01,holtwinters,5.0,160.0,240.0,2019-12-31 23:45:00,{},data/80_5.pickle,80.0,100.0,95.373504039468,66.71301103975708,50.27564708802767,31.47480167786089,2019-01-15 00:00:00
165,4.14,10.85,11.11,1.66,-0.03,holtwinters,5.0,170.0,255.0,2019-12-31 23:45:00,{},data/85_5.pickle,85.0,106.25,95.18068270746558,66.51065513703004,50.15297780070301,31.3517795958579,2019-01-15 00:00:00
166,4.36,10.87,11.2,1.7,-0.03,holtwinters,5.0,180.0,270.0,2019-12-31 23:45:00,{},data/90_5.pickle,90.0,112.5,94.93171300134254,65.92999571846079,49.95659255735623,31.00589452651488,2019-01-15 00:00:00
167,4.36,10.26,10.69,1.68,-0.02,holtwinters,5.0,190.0,285.0,2019-12-31 23:45:00,{},data/95_5.pickle,95.0,118.75,95.11280191882942,65.84316894473271,50.25443939928254,31.09793692700677,2019-01-15 00:00:00
168,0.36,47.46,54.61,1.76,-0.0,holtwinters,6.0,4.0,6.0,2019-12-31 23:45:00,{},data/2_6.pickle,2.0,2.5,80.8120922158644,46.36432021934623,44.035538287171086,22.166649506932696,2019-01-15 00:00:00
169,1.11,76.76,77.21,2.52,-0.01,holtwinters,6.0,8.0,12.0,2019-12-31 23:45:00,{},data/4_6.pickle,4.0,5.0,77.47511201227735,51.92339015555604,41.24538610537277,24.45187662006383,2019-01-15 00:00:00
170,0.83,32.53,36.48,1.56,-0.0,holtwinters,6.0,12.0,18.0,2019-12-31 23:45:00,{},data/6_6.pickle,6.0,7.5,89.31230836334247,67.12780422679182,46.68087663320186,31.616190052242228,2019-01-15 00:00:00
171,0.97,27.94,30.4,1.39,0.01,holtwinters,6.0,16.0,24.0,2019-12-31 23:45:00,{},data/8_6.pickle,8.0,10.0,90.58333124678813,64.4272603588197,47.86906300382157,30.38587544315402,2019-01-15 00:00:00
172,1.02,23.12,25.85,1.38,-0.01,holtwinters,6.0,20.0,30.0,2019-12-31 23:45:00,{},data/10_6.pickle,10.0,12.5,91.44276825850642,67.86316518713905,47.83536304309383,31.94080746247987,2019-01-15 00:00:00
173,1.3,25.11,28.11,1.69,0.02,holtwinters,6.0,24.0,36.0,2019-12-31 23:45:00,{},data/12_6.pickle,12.0,15.0,90.65326923737189,63.64568404218976,47.850325220573446,29.93201346752019,2019-01-15 00:00:00
174,1.49,24.76,24.97,1.74,-0.02,holtwinters,6.0,28.0,42.0,2019-12-31 23:45:00,{},data/14_6.pickle,14.0,17.5,91.49262699588527,66.0422107218599,48.089805503470316,31.092751045014275,2019-01-15 00:00:00
175,1.74,26.01,27.34,1.93,0.0,holtwinters,6.0,32.0,48.0,2019-12-31 23:45:00,{},data/16_6.pickle,16.0,20.0,90.44630712084053,64.14958227137461,47.78334491107423,30.28758963911109,2019-01-15 00:00:00
176,1.79,23.33,22.82,1.71,-0.04,holtwinters,6.0,36.0,54.0,2019-12-31 23:45:00,{},data/18_6.pickle,18.0,22.5,91.61850895629023,65.97220860233233,48.338422025838,31.202965226264862,2019-01-15 00:00:00
177,1.85,22.1,23.17,1.71,-0.02,holtwinters,6.0,40.0,60.0,2019-12-31 23:45:00,{},data/20_6.pickle,20.0,25.0,90.53052388340035,62.90254173538803,47.780902192319054,29.627211375623567,2019-01-15 00:00:00
178,2.01,21.04,22.35,1.67,-0.01,holtwinters,6.0,44.0,66.0,2019-12-31 23:45:00,{},data/22_6.pickle,22.0,27.5,92.03768594291928,64.1965708420226,48.63791544303321,30.269004224296623,2019-01-15 00:00:00
179,1.94,18.47,19.91,1.55,0.0,holtwinters,6.0,48.0,72.0,2019-12-31 23:45:00,{},data/24_6.pickle,24.0,30.0,92.90674806979064,65.8049503637019,48.92383848632651,30.98734149866177,2019-01-15 00:00:00
180,2.05,17.81,18.82,1.64,-0.03,holtwinters,6.0,52.0,78.0,2019-12-31 23:45:00,{},data/26_6.pickle,26.0,32.5,92.65043490154724,64.09180242316015,48.771305534068446,30.0578306201997,2019-01-15 00:00:00
181,2.12,17.07,18.04,1.62,0.01,holtwinters,6.0,56.0,84.0,2019-12-31 23:45:00,{},data/28_6.pickle,28.0,35.0,93.39700404313594,66.39989635642277,49.017684940936896,31.20149043008992,2019-01-15 00:00:00
182,1.91,14.47,15.16,1.52,-0.01,holtwinters,6.0,60.0,90.0,2019-12-31 23:45:00,{},data/30_6.pickle,30.0,37.5,93.51729888978001,64.78668057593455,49.3046116304639,30.49922796529451,2019-01-15 00:00:00
183,2.44,15.75,16.03,1.68,-0.01,holtwinters,6.0,70.0,105.0,2019-12-31 23:45:00,{},data/35_6.pickle,35.0,43.75,93.37162738149975,64.80716206754678,49.211502914438576,30.48348764177844,2019-01-15 00:00:00
184,2.77,15.79,16.07,1.7,-0.01,holtwinters,6.0,80.0,120.0,2019-12-31 23:45:00,{},data/40_6.pickle,40.0,50.0,93.19718890785023,64.79699388906276,49.09440062253409,30.46676637712189,2019-01-15 00:00:00
185,2.73,13.81,14.36,1.68,-0.02,holtwinters,6.0,90.0,135.0,2019-12-31 23:45:00,{},data/45_6.pickle,45.0,56.25,93.25875373206406,63.52466628712969,49.426117215737186,30.02077828091633,2019-01-15 00:00:00
186,2.92,13.03,13.43,1.63,-0.02,holtwinters,6.0,100.0,150.0,2019-12-31 23:45:00,{},data/50_6.pickle,50.0,62.5,94.96742293232381,67.56867821122282,49.864845866741916,31.770113883599084,2019-01-15 00:00:00
187,3.32,13.66,13.56,1.72,-0.03,holtwinters,6.0,110.0,165.0,2019-12-31 23:45:00,{},data/55_6.pickle,55.0,68.75,94.45101927463966,66.53409680997193,49.62544707488523,31.274573004836125,2019-01-15 00:00:00
188,3.29,12.27,12.83,1.59,-0.0,holtwinters,6.0,120.0,180.0,2019-12-31 23:45:00,{},data/60_6.pickle,60.0,75.0,94.8126661967207,66.2502150557207,49.93024189522133,31.196873668448166,2019-01-15 00:00:00
189,3.51,12.12,12.96,1.66,-0.02,holtwinters,6.0,130.0,195.0,2019-12-31 23:45:00,{},data/65_6.pickle,65.0,81.25,94.01505123321881,64.10299268514409,49.668965680672756,30.181175078877303,2019-01-15 00:00:00
190,3.61,11.65,11.86,1.61,-0.05,holtwinters,6.0,140.0,210.0,2019-12-31 23:45:00,{},data/70_6.pickle,70.0,87.5,94.95369451244521,66.37839011035469,50.002234335206595,31.269887857844335,2019-01-15 00:00:00
191,3.81,11.31,11.97,1.65,0.01,holtwinters,6.0,150.0,225.0,2019-12-31 23:45:00,{},data/75_6.pickle,75.0,93.75,94.95715284686413,66.50668713682519,49.97700663724769,31.317881882307418,2019-01-15 00:00:00
192,4.09,11.55,11.9,1.74,-0.06,holtwinters,6.0,160.0,240.0,2019-12-31 23:45:00,{},data/80_6.pickle,80.0,100.0,94.56659825026227,65.12189558491099,50.01463468180548,30.74631045627379,2019-01-15 00:00:00
193,4.16,11.01,11.48,1.69,-0.03,holtwinters,6.0,170.0,255.0,2019-12-31 23:45:00,{},data/85_6.pickle,85.0,106.25,94.59827541183594,65.04494219369279,50.03979250217768,30.726146855786457,2019-01-15 00:00:00
194,4.3,10.68,11.09,1.67,-0.01,holtwinters,6.0,180.0,270.0,2019-12-31 23:45:00,{},data/90_6.pickle,90.0,112.5,95.07374677996881,66.13946536575334,50.03091306785916,31.113600044829266,2019-01-15 00:00:00
195,4.51,10.61,11.12,1.69,-0.03,holtwinters,6.0,190.0,285.0,2019-12-31 23:45:00,{},data/95_6.pickle,95.0,118.75,94.98344134990816,65.71228284065313,50.09671684911939,30.95994589606391,2019-01-15 00:00:00
196,0.38,45.04,52.9,1.29,-0.0,holtwinters,7.0,4.0,6.0,2019-12-31 23:45:00,{},data/2_7.pickle,2.0,2.5,84.40674272236112,64.12261987680193,43.92828339874943,30.130367000662854,2019-01-15 00:00:00
197,0.46,25.82,29.94,1.56,-0.01,holtwinters,7.0,8.0,12.0,2019-12-31 23:45:00,{},data/4_7.pickle,4.0,5.0,89.58749781071936,64.96796711676154,46.9500060238834,30.522248959117977,2019-01-15 00:00:00
198,1.08,43.56,46.52,2.09,-0.02,holtwinters,7.0,12.0,18.0,2019-12-31 23:45:00,{},data/6_7.pickle,6.0,7.5,86.4258434752159,63.376095094468376,45.38117105128057,29.783400336631853,2019-01-15 00:00:00
199,0.92,27.09,31.1,1.59,0.0,holtwinters,7.0,16.0,24.0,2019-12-31 23:45:00,{},data/8_7.pickle,8.0,10.0,89.24599247834375,65.15832629859092,46.85815526251015,30.710897794836228,2019-01-15 00:00:00
200,1.39,33.01,34.76,1.77,-0.01,holtwinters,7.0,20.0,30.0,2019-12-31 23:45:00,{},data/10_7.pickle,10.0,12.5,88.31199908713549,62.34299334118835,46.708123238830325,29.359777643619605,2019-01-15 00:00:00
201,1.4,27.58,26.79,1.76,-0.02,holtwinters,7.0,24.0,36.0,2019-12-31 23:45:00,{},data/12_7.pickle,12.0,15.0,91.64483752546276,71.23891481317172,47.34483605018779,33.342374016216255,2019-01-15 00:00:00
202,1.62,28.74,29.49,2.02,-0.02,holtwinters,7.0,28.0,42.0,2019-12-31 23:45:00,{},data/14_7.pickle,14.0,17.5,88.12669267877273,59.565300330760806,47.032138459715625,28.29766911686135,2019-01-15 00:00:00
203,1.6,23.37,25.69,1.64,-0.01,holtwinters,7.0,32.0,48.0,2019-12-31 23:45:00,{},data/16_7.pickle,16.0,20.0,90.25249216698066,62.86564312331295,47.8872951399688,29.785644382250002,2019-01-15 00:00:00
204,1.57,19.74,20.62,1.54,-0.0,holtwinters,7.0,36.0,54.0,2019-12-31 23:45:00,{},data/18_7.pickle,18.0,22.5,91.85763267245748,63.00752602611624,48.656837371042464,29.686929158979126,2019-01-15 00:00:00
205,1.45,16.06,17.34,1.43,0.0,holtwinters,7.0,40.0,60.0,2019-12-31 23:45:00,{},data/20_7.pickle,20.0,25.0,93.76081625445934,67.88036254487115,49.14091087441695,31.93310177545393,2019-01-15 00:00:00
206,2.09,22.96,23.49,1.91,-0.01,holtwinters,7.0,44.0,66.0,2019-12-31 23:45:00,{},data/22_7.pickle,22.0,27.5,90.33459246650057,61.38525914293348,47.863578047009824,28.957901825573487,2019-01-15 00:00:00
207,2.03,19.58,20.73,1.66,-0.0,holtwinters,7.0,48.0,72.0,2019-12-31 23:45:00,{},data/24_7.pickle,24.0,30.0,91.61260525540473,62.90274060775584,48.55058707810891,29.685353765182782,2019-01-15 00:00:00
208,1.84,15.91,16.04,1.56,-0.02,holtwinters,7.0,52.0,78.0,2019-12-31 23:45:00,{},data/26_7.pickle,26.0,32.5,93.35488239251421,66.43247239487113,49.04193249469788,31.263673606395276,2019-01-15 00:00:00
209,2.12,16.98,17.22,1.63,0.01,holtwinters,7.0,56.0,84.0,2019-12-31 23:45:00,{},data/28_7.pickle,28.0,35.0,94.33357968347885,69.885573733872,49.11672445733176,32.791528145248485,2019-01-15 00:00:00
210,2.05,15.35,16.58,1.63,0.02,holtwinters,7.0,60.0,90.0,2019-12-31 23:45:00,{},data/30_7.pickle,30.0,37.5,93.92877925809353,66.86304155274371,49.372071303462484,31.470413378965304,2019-01-15 00:00:00
211,2.36,15.16,15.77,1.56,-0.0,holtwinters,7.0,70.0,105.0,2019-12-31 23:45:00,{},data/35_7.pickle,35.0,43.75,93.74704059851425,65.32584389767884,49.440423547304064,30.779554076689934,2019-01-15 00:00:00
212,2.84,16.26,17.27,1.8,-0.02,holtwinters,7.0,80.0,120.0,2019-12-31 23:45:00,{},data/40_7.pickle,40.0,50.0,93.13545111204226,64.79613342827383,49.086250048675645,30.492071158958797,2019-01-15 00:00:00
213,2.79,14.05,14.94,1.71,-0.01,holtwinters,7.0,90.0,135.0,2019-12-31 23:45:00,{},data/45_7.pickle,45.0,56.25,93.81932325967699,64.49737272772876,49.64529168976281,30.44714563480453,2019-01-15 00:00:00
214,2.89,12.98,13.26,1.64,-0.04,holtwinters,7.0,100.0,150.0,2019-12-31 23:45:00,{},data/50_7.pickle,50.0,62.5,94.27636278855239,65.35875724425176,49.84623760824117,30.86127990165083,2019-01-15 00:00:00
215,2.94,11.87,12.38,1.54,0.01,holtwinters,7.0,110.0,165.0,2019-12-31 23:45:00,{},data/55_7.pickle,55.0,68.75,95.07003866145344,67.66494859193719,49.898364483868065,31.846522760697386,2019-01-15 00:00:00
216,3.61,13.64,14.12,1.71,-0.0,holtwinters,7.0,120.0,180.0,2019-12-31 23:45:00,{},data/60_7.pickle,60.0,75.0,93.92586262958329,65.25700562841995,49.630809545272406,30.815873736869744,2019-01-15 00:00:00
217,3.6,12.52,13.01,1.68,-0.01,holtwinters,7.0,130.0,195.0,2019-12-31 23:45:00,{},data/65_7.pickle,65.0,81.25,94.58771859900668,65.84259593304914,49.8768611932673,31.030566128296922,2019-01-15 00:00:00
218,3.67,11.74,12.14,1.68,-0.02,holtwinters,7.0,140.0,210.0,2019-12-31 23:45:00,{},data/70_7.pickle,70.0,87.5,94.51184972321123,65.72135139513901,49.793510577294235,30.954975198869366,2019-01-15 00:00:00
219,3.8,11.42,11.87,1.64,-0.04,holtwinters,7.0,150.0,225.0,2019-12-31 23:45:00,{},data/75_7.pickle,75.0,93.75,94.4426774767973,64.73756691931064,49.82973904200328,30.476761240181578,2019-01-15 00:00:00
220,4.05,11.31,11.75,1.69,-0.02,holtwinters,7.0,160.0,240.0,2019-12-31 23:45:00,{},data/80_7.pickle,80.0,100.0,94.98958181410848,66.21962438840427,50.01358527414115,31.16491004007457,2019-01-15 00:00:00
221,4.08,10.73,11.26,1.65,-0.03,holtwinters,7.0,170.0,255.0,2019-12-31 23:45:00,{},data/85_7.pickle,85.0,106.25,94.66858840407662,65.00760902009993,50.08467943774778,30.702823523966142,2019-01-15 00:00:00
222,4.29,10.7,11.02,1.7,-0.03,holtwinters,7.0,180.0,270.0,2019-12-31 23:45:00,{},data/90_7.pickle,90.0,112.5,94.99954239531516,66.08401020736979,50.16687632408505,31.21403880327068,2019-01-15 00:00:00
223,4.4,10.32,10.72,1.66,-0.02,holtwinters,7.0,190.0,285.0,2019-12-31 23:45:00,{},data/95_7.pickle,95.0,118.75,95.16117067059736,66.21566168821377,50.147774544987584,31.204016619893792,2019-01-15 00:00:00
224,0.8,163.89,159.69,3.5,-0.02,holtwinters,8.0,4.0,6.0,2019-12-31 23:45:00,{},data/2_8.pickle,2.0,2.5,72.61571119581303,49.06658720164596,38.68227720512883,23.023212252430806,2019-01-15 00:00:00
225,1.1,85.02,80.71,2.84,-0.01,holtwinters,8.0,8.0,12.0,2019-12-31 23:45:00,{},data/4_8.pickle,4.0,5.0,77.03950512644715,53.23956956078697,40.973922242859025,25.094989375622024,2019-01-15 00:00:00
226,0.89,33.69,37.23,1.54,-0.01,holtwinters,8.0,12.0,18.0,2019-12-31 23:45:00,{},data/6_8.pickle,6.0,7.5,88.1603754205899,64.4352783846602,46.24536087286133,30.241871861471196,2019-01-15 00:00:00
227,1.47,48.53,44.43,2.23,-0.02,holtwinters,8.0,16.0,24.0,2019-12-31 23:45:00,{},data/8_8.pickle,8.0,10.0,85.51819038683134,62.35783449045282,45.07128482065909,29.397444233518964,2019-01-15 00:00:00
228,1.26,29.44,30.86,1.73,-0.01,holtwinters,8.0,20.0,30.0,2019-12-31 23:45:00,{},data/10_8.pickle,10.0,12.5,90.32348090211569,64.09699417386226,47.4722313086333,30.060554192760474,2019-01-15 00:00:00
229,1.23,23.32,24.97,1.51,0.0,holtwinters,8.0,24.0,36.0,2019-12-31 23:45:00,{},data/12_8.pickle,12.0,15.0,91.30462101239206,64.193922236177,48.30252025939129,30.292142466152654,2019-01-15 00:00:00
230,1.69,28.27,27.6,1.7,-0.01,holtwinters,8.0,28.0,42.0,2019-12-31 23:45:00,{},data/14_8.pickle,14.0,17.5,90.10646706400956,63.376636414968964,47.699991319936466,29.93880221419627,2019-01-15 00:00:00
231,1.67,24.24,24.06,1.61,-0.01,holtwinters,8.0,32.0,48.0,2019-12-31 23:45:00,{},data/16_8.pickle,16.0,20.0,92.10502223378819,67.99600138071345,48.06668747021378,31.86539404430038,2019-01-15 00:00:00
232,1.65,20.89,21.6,1.56,-0.0,holtwinters,8.0,36.0,54.0,2019-12-31 23:45:00,{},data/18_8.pickle,18.0,22.5,92.35458692396142,67.32978766696553,48.29806023111835,31.625762669835012,2019-01-15 00:00:00
233,1.7,19.44,20.2,1.7,-0.02,holtwinters,8.0,40.0,60.0,2019-12-31 23:45:00,{},data/20_8.pickle,20.0,25.0,91.60651884941926,62.75336621994722,48.50922540627477,29.597010054793106,2019-01-15 00:00:00
234,1.91,20.35,22.2,1.69,0.01,holtwinters,8.0,44.0,66.0,2019-12-31 23:45:00,{},data/22_8.pickle,22.0,27.5,91.08821487250039,62.47757019108815,48.27915219916975,29.531704686111247,2019-01-15 00:00:00
235,1.86,17.47,18.71,1.7,0.01,holtwinters,8.0,48.0,72.0,2019-12-31 23:45:00,{},data/24_8.pickle,24.0,30.0,92.49694598283146,66.30197928126793,48.73719365081064,31.358615510983228,2019-01-15 00:00:00
236,1.89,16.4,17.6,1.64,-0.0,holtwinters,8.0,52.0,78.0,2019-12-31 23:45:00,{},data/26_8.pickle,26.0,32.5,93.08134949366759,64.56630043271252,49.098231561398194,30.382183793273853,2019-01-15 00:00:00
237,2.13,17.28,17.4,1.53,-0.03,holtwinters,8.0,56.0,84.0,2019-12-31 23:45:00,{},data/28_8.pickle,28.0,35.0,93.07490226236818,65.09972790602306,49.101864947579266,30.672762904050728,2019-01-15 00:00:00
238,1.98,15.14,15.68,1.52,-0.01,holtwinters,8.0,60.0,90.0,2019-12-31 23:45:00,{},data/30_8.pickle,30.0,37.5,93.29863064422373,65.15586730892119,49.163608006046445,30.69477112397415,2019-01-15 00:00:00
239,2.54,16.67,17.1,1.64,-0.01,holtwinters,8.0,70.0,105.0,2019-12-31 23:45:00,{},data/35_8.pickle,35.0,43.75,93.52475337662266,67.64249066914849,49.10725135449062,31.89003761499438,2019-01-15 00:00:00
240,2.61,14.84,15.64,1.6,-0.01,holtwinters,8.0,80.0,120.0,2019-12-31 23:45:00,{},data/40_8.pickle,40.0,50.0,93.57275492861962,65.58163010624253,49.45524232777903,31.01318006506153,2019-01-15 00:00:00
241,2.82,14.18,14.43,1.61,-0.03,holtwinters,8.0,90.0,135.0,2019-12-31 23:45:00,{},data/45_8.pickle,45.0,56.25,94.34274828000389,67.1840686904031,49.48903563733706,31.57579540215741,2019-01-15 00:00:00
242,3.05,13.85,14.79,1.66,-0.04,holtwinters,8.0,100.0,150.0,2019-12-31 23:45:00,{},data/50_8.pickle,50.0,62.5,93.43307605464547,63.99024135395,49.353078699979584,30.14353552568959,2019-01-15 00:00:00
243,3.05,12.43,13.05,1.68,-0.02,holtwinters,8.0,110.0,165.0,2019-12-31 23:45:00,{},data/55_8.pickle,55.0,68.75,94.50219003020473,65.88907433499239,49.876629293493906,31.098065669231936,2019-01-15 00:00:00
244,3.41,12.76,13.58,1.6,-0.03,holtwinters,8.0,120.0,180.0,2019-12-31 23:45:00,{},data/60_8.pickle,60.0,75.0,94.73262346814549,66.36813671027384,49.81011412950523,31.193447419118787,2019-01-15 00:00:00
245,3.43,11.78,12.47,1.64,-0.0,holtwinters,8.0,130.0,195.0,2019-12-31 23:45:00,{},data/65_8.pickle,65.0,81.25,94.66104282159546,66.12410575373342,49.8781243283566,31.169546753756617,2019-01-15 00:00:00
246,3.55,11.29,11.83,1.65,0.0,holtwinters,8.0,140.0,210.0,2019-12-31 23:45:00,{},data/70_8.pickle,70.0,87.5,95.04559909336879,66.72791024099563,50.07504672367603,31.467586919138054,2019-01-15 00:00:00
247,3.77,11.23,11.42,1.64,-0.01,holtwinters,8.0,150.0,225.0,2019-12-31 23:45:00,{},data/75_8.pickle,75.0,93.75,95.32676226910316,67.0936849837525,50.09890820613017,31.569907052608826,2019-01-15 00:00:00
248,3.96,11.14,11.54,1.67,-0.0,holtwinters,8.0,160.0,240.0,2019-12-31 23:45:00,{},data/80_8.pickle,80.0,100.0,94.77306198644717,65.85807903278129,49.91051126474168,31.007284795476718,2019-01-15 00:00:00
249,4.07,10.64,10.92,1.66,-0.02,holtwinters,8.0,170.0,255.0,2019-12-31 23:45:00,{},data/85_8.pickle,85.0,106.25,95.19096489593642,66.20028019313091,50.19220914365038,31.203287563882647,2019-01-15 00:00:00
250,4.39,10.96,11.45,1.72,-0.04,holtwinters,8.0,180.0,270.0,2019-12-31 23:45:00,{},data/90_8.pickle,90.0,112.5,94.72377592243996,65.26587596222434,50.051649252979104,30.79503061910957,2019-01-15 00:00:00
251,4.3,10.07,10.4,1.64,-0.06,holtwinters,8.0,190.0,285.0,2019-12-31 23:45:00,{},data/95_8.pickle,95.0,118.75,95.21643516980276,65.94841471984728,50.23947684892127,31.10777964132114,2019-01-15 00:00:00
252,0.33,35.91,48.07,1.58,-0.0,holtwinters,9.0,4.0,6.0,2019-12-31 23:45:00,{},data/2_9.pickle,2.0,2.5,84.7888635936144,58.14607494325319,44.889249985075466,27.358082481480782,2019-01-15 00:00:00
253,0.56,39.85,38.98,1.36,0.0,holtwinters,9.0,8.0,12.0,2019-12-31 23:45:00,{},data/4_9.pickle,4.0,5.0,87.67520568237309,61.858571433219815,46.11665140112618,29.06541527664546,2019-01-15 00:00:00
254,0.79,31.74,33.95,1.54,-0.01,holtwinters,9.0,12.0,18.0,2019-12-31 23:45:00,{},data/6_9.pickle,6.0,7.5,90.35467865437398,68.94342242453106,46.7460433080294,32.2033198504085,2019-01-15 00:00:00
255,0.92,25.32,28.8,1.53,-0.01,holtwinters,9.0,16.0,24.0,2019-12-31 23:45:00,{},data/8_9.pickle,8.0,10.0,90.58358304542583,68.22092431751328,47.336249289173914,32.13707205005713,2019-01-15 00:00:00
256,1.2,28.53,28.99,1.62,-0.02,holtwinters,9.0,20.0,30.0,2019-12-31 23:45:00,{},data/10_9.pickle,10.0,12.5,90.69895757317644,65.49517861802174,47.780728610552885,30.877867721068032,2019-01-15 00:00:00
257,1.47,29.44,28.98,1.59,0.01,holtwinters,9.0,24.0,36.0,2019-12-31 23:45:00,{},data/12_9.pickle,12.0,15.0,90.05173655414535,63.693193734206595,47.81712742226053,30.182598330281063,2019-01-15 00:00:00
258,1.45,23.84,24.1,1.81,0.0,holtwinters,9.0,28.0,42.0,2019-12-31 23:45:00,{},data/14_9.pickle,14.0,17.5,90.90211973989122,62.740118575689344,48.13196709468128,29.58816070576189,2019-01-15 00:00:00
259,1.59,22.67,22.83,1.82,0.01,holtwinters,9.0,32.0,48.0,2019-12-31 23:45:00,{},data/16_9.pickle,16.0,20.0,92.73365295186102,69.37578690908396,48.331827853601126,32.56893166311156,2019-01-15 00:00:00
260,1.42,17.61,18.44,1.32,0.02,holtwinters,9.0,36.0,54.0,2019-12-31 23:45:00,{},data/18_9.pickle,18.0,22.5,94.18699389633987,72.15736859169257,48.72685435422657,33.8489348095182,2019-01-15 00:00:00
261,1.97,23.56,26.0,1.94,-0.01,holtwinters,9.0,40.0,60.0,2019-12-31 23:45:00,{},data/20_9.pickle,20.0,25.0,89.40465297167312,59.71930331309109,47.79923505829647,28.373354247900217,2019-01-15 00:00:00
262,2.03,21.21,22.45,1.59,0.01,holtwinters,9.0,44.0,66.0,2019-12-31 23:45:00,{},data/22_9.pickle,22.0,27.5,92.69456799769424,67.70888381448748,48.6470847170506,31.887466178565123,2019-01-15 00:00:00
263,1.74,16.38,17.16,1.65,-0.03,holtwinters,9.0,48.0,72.0,2019-12-31 23:45:00,{},data/24_9.pickle,24.0,30.0,92.91237775602605,64.7228871633051,49.14197931479442,30.607192051330955,2019-01-15 00:00:00
264,2.01,17.55,17.88,1.67,-0.03,holtwinters,9.0,52.0,78.0,2019-12-31 23:45:00,{},data/26_9.pickle,26.0,32.5,92.97061053310608,65.52413772784767,49.05777344807896,30.908666455158873,2019-01-15 00:00:00
265,2.46,20.18,20.91,1.74,-0.02,holtwinters,9.0,56.0,84.0,2019-12-31 23:45:00,{},data/28_9.pickle,28.0,35.0,92.92100472426962,66.60474922697502,48.8043191181751,31.3196119833179,2019-01-15 00:00:00
266,2.66,20.39,20.16,1.79,-0.05,holtwinters,9.0,60.0,90.0,2019-12-31 23:45:00,{},data/30_9.pickle,30.0,37.5,92.79716906959065,65.20503683508825,48.98008082710151,30.72357525820899,2019-01-15 00:00:00
267,2.17,13.84,15.16,1.54,-0.02,holtwinters,9.0,70.0,105.0,2019-12-31 23:45:00,{},data/35_9.pickle,35.0,43.75,93.93435157885749,65.78022054991698,49.46300200711054,30.97609809714371,2019-01-15 00:00:00
268,2.61,14.73,15.08,1.64,0.0,holtwinters,9.0,80.0,120.0,2019-12-31 23:45:00,{},data/40_9.pickle,40.0,50.0,93.94782127293325,66.03568624849153,49.6689599175129,31.22094058528358,2019-01-15 00:00:00
269,2.71,13.56,14.01,1.69,-0.04,holtwinters,9.0,90.0,135.0,2019-12-31 23:45:00,{},data/45_9.pickle,45.0,56.25,94.13737024085734,65.92102083778911,49.63813654269427,31.07131005593134,2019-01-15 00:00:00
270,3.15,14.23,15.15,1.68,-0.03,holtwinters,9.0,100.0,150.0,2019-12-31 23:45:00,{},data/50_9.pickle,50.0,62.5,93.47287983436733,63.593672328290275,49.549822735294505,30.029970587011896,2019-01-15 00:00:00
271,3.3,13.59,13.73,1.69,-0.03,holtwinters,9.0,110.0,165.0,2019-12-31 23:45:00,{},data/55_9.pickle,55.0,68.75,94.48284648191017,67.42102085562989,49.680278202251564,31.80617100820494,2019-01-15 00:00:00
272,3.51,13.31,13.86,1.71,-0.02,holtwinters,9.0,120.0,180.0,2019-12-31 23:45:00,{},data/60_9.pickle,60.0,75.0,93.76356327874207,64.16265255022894,49.58162634047421,30.25478274981055,2019-01-15 00:00:00
273,3.48,11.98,12.53,1.6,0.01,holtwinters,9.0,130.0,195.0,2019-12-31 23:45:00,{},data/65_9.pickle,65.0,81.25,95.05161161283426,67.25919516612434,49.915921460298144,31.637486514738388,2019-01-15 00:00:00
274,3.73,12.01,12.62,1.65,-0.05,holtwinters,9.0,140.0,210.0,2019-12-31 23:45:00,{},data/70_9.pickle,70.0,87.5,94.62752984881433,65.91858634604067,49.79629088307175,31.011260171439613,2019-01-15 00:00:00
275,3.88,11.67,12.03,1.67,-0.03,holtwinters,9.0,150.0,225.0,2019-12-31 23:45:00,{},data/75_9.pickle,75.0,93.75,94.64962247605395,65.5643001453388,49.945477694457324,30.910014145852724,2019-01-15 00:00:00
276,3.98,11.17,11.27,1.68,-0.05,holtwinters,9.0,160.0,240.0,2019-12-31 23:45:00,{},data/80_9.pickle,80.0,100.0,94.84063397984853,65.80212216657266,50.049369885261726,31.037131908605843,2019-01-15 00:00:00
277,4.17,11.01,11.47,1.7,-0.04,holtwinters,9.0,170.0,255.0,2019-12-31 23:45:00,{},data/85_9.pickle,85.0,106.25,94.64320693265798,65.14006284516412,49.91541306081,30.671125816591452,2019-01-15 00:00:00
278,4.36,10.81,11.29,1.71,-0.04,holtwinters,9.0,180.0,270.0,2019-12-31 23:45:00,{},data/90_9.pickle,90.0,112.5,94.89407057233146,65.65114552650817,50.030935800085544,30.91924986818547,2019-01-15 00:00:00
279,4.36,10.23,10.58,1.65,-0.02,holtwinters,9.0,190.0,285.0,2019-12-31 23:45:00,{},data/95_9.pickle,95.0,118.75,95.20886466880047,66.08825483211535,50.18904424666878,31.14336264639453,2019-01-15 00:00:00
